title,content
Inception,Vestibulum ante ipsum primis in faucibus orci luctus et ultrices posuere cubilia Curae;
Eternal Sunshine of the Spotless Mind,Lorem ipsum dolor sit amet
Pride and Prejudice,Integer nec justo nec libero fermentum ultricies.
The Great Gatsby,Maecenas nec sapien nec justo tincidunt lacinia.
The Shawshank Redemption,Vestibulum ante ipsum primis in faucibus orci luctus et ultrices posuere cubilia Curae;
The Shawshank Redemption,vel ultricies risus ultrices.
Pride and Prejudice,Pellentesque habitant morbi tristique senectus et netus et malesuada fames ac turpis egestas.
Lost in Translation,Donec ac justo nec velit tincidunt tincidunt.
The Lion King,Maecenas nec sapien nec justo tincidunt lacinia.
The Matrix,vel ultricies risus ultrices.
Lost in Translation,Quisque auctor nisl ac libero tincidunt
The Great Gatsby,Suspendisse potenti. Nullam in justo sit amet urna ultrices.
Inception,Integer nec justo nec libero fermentum ultricies.
Lost in Translation,Vivamus nec justo nec libero varius tincidunt.
The Shawshank Redemption,Quisque auctor nisl ac libero tincidunt
The Great Gatsby,Maecenas nec sapien nec justo tincidunt lacinia.
The Shawshank Redemption,Fusce nec justo nec libero efficitur ultricies.
The Secret Garden,Pellentesque habitant morbi tristique senectus et netus et malesuada fames ac turpis egestas.
The Midnight Sky,Integer nec justo nec libero fermentum ultricies.
Inception,Vestibulum ante ipsum primis in faucibus orci luctus et ultrices posuere cubilia Curae;
The Great Gatsby,Integer nec justo nec libero fermentum ultricies.
Eternal Sunshine of the Spotless Mind,Lorem ipsum dolor sit amet
The Secret Garden,Pellentesque habitant morbi tristique senectus et netus et malesuada fames ac turpis egestas.
Eternal Sunshine of the Spotless Mind,Donec ac justo nec velit tincidunt tincidunt.
The Midnight Sky,Pellentesque habitant morbi tristique senectus et netus et malesuada fames ac turpis egestas.
The Matrix,consectetur adipiscing elit.
Eternal Sunshine of the Spotless Mind,Pellentesque habitant morbi tristique senectus et netus et malesuada fames ac turpis egestas.
Pride and Prejudice,Lorem ipsum dolor sit amet
Pride and Prejudice,vel ultricies risus ultrices.
Lost in Translation,Pellentesque habitant morbi tristique senectus et netus et malesuada fames ac turpis egestas.
Eternal Sunshine of the Spotless Mind,Vestibulum ante ipsum primis in faucibus orci luctus et ultrices posuere cubilia Curae;
The Great Gatsby,Quisque auctor nisl ac libero tincidunt
Pride and Prejudice,Integer nec justo nec libero fermentum ultricies.
The Shawshank Redemption,Suspendisse potenti. Nullam in justo sit amet urna ultrices.
Eternal Sunshine of the Spotless Mind,Maecenas nec sapien nec justo tincidunt lacinia.
Pride and Prejudice,Quisque auctor nisl ac libero tincidunt
Inception,vel ultricies risus ultrices.
Inception,Lorem ipsum dolor sit amet
The Matrix,consectetur adipiscing elit.
The Lion King,Fusce nec justo nec libero efficitur ultricies.
The Secret Garden,Maecenas nec sapien nec justo tincidunt lacinia.
Pride and Prejudice,Pellentesque habitant morbi tristique senectus et netus et malesuada fames ac turpis egestas.
Pride and Prejudice,Donec ac justo nec velit tincidunt tincidunt.
Pride and Prejudice,Vivamus nec justo nec libero varius tincidunt.
The Great Gatsby,Vestibulum ante ipsum primis in faucibus orci luctus et ultrices posuere cubilia Curae;
The Matrix,Quisque auctor nisl ac libero tincidunt
Inception,vel ultricies risus ultrices.
The Matrix,Maecenas nec sapien nec justo tincidunt lacinia.
The Lion King,Maecenas nec sapien nec justo tincidunt lacinia.
Pride and Prejudice,Donec ac justo nec velit tincidunt tincidunt.
The Matrix,Quisque auctor nisl ac libero tincidunt
The Lion King,Vestibulum ante ipsum primis in faucibus orci luctus et ultrices posuere cubilia Curae;
The Great Gatsby,Pellentesque habitant morbi tristique senectus et netus et malesuada fames ac turpis egestas.
Pride and Prejudice,Quisque auctor nisl ac libero tincidunt
Lost in Translation,consectetur adipiscing elit.
The Secret Garden,Fusce nec justo nec libero efficitur ultricies.
The Matrix,Lorem ipsum dolor sit amet
The Great Gatsby,Donec ac justo nec velit tincidunt tincidunt.
Eternal Sunshine of the Spotless Mind,Pellentesque habitant morbi tristique senectus et netus et malesuada fames ac turpis egestas.
Eternal Sunshine of the Spotless Mind,Quisque auctor nisl ac libero tincidunt
The Shawshank Redemption,Pellentesque habitant morbi tristique senectus et netus et malesuada fames ac turpis egestas.
The Shawshank Redemption,Quisque auctor nisl ac libero tincidunt
Pride and Prejudice,Quisque auctor nisl ac libero tincidunt
The Midnight Sky,Lorem ipsum dolor sit amet
Pride and Prejudice,Suspendisse potenti. Nullam in justo sit amet urna ultrices.
Eternal Sunshine of the Spotless Mind,Quisque auctor nisl ac libero tincidunt
Pride and Prejudice,Fusce nec justo nec libero efficitur ultricies.
The Secret Garden,Donec ac justo nec velit tincidunt tincidunt.
The Great Gatsby,Integer nec justo nec libero fermentum ultricies.
Eternal Sunshine of the Spotless Mind,Vivamus nec justo nec libero varius tincidunt.
Inception,Vestibulum ante ipsum primis in faucibus orci luctus et ultrices posuere cubilia Curae;
The Great Gatsby,Quisque auctor nisl ac libero tincidunt
The Secret Garden,vel ultricies risus ultrices.
The Shawshank Redemption,Maecenas nec sapien nec justo tincidunt lacinia.
Pride and Prejudice,consectetur adipiscing elit.
The Lion King,Vivamus nec justo nec libero varius tincidunt.
The Secret Garden,Vestibulum ante ipsum primis in faucibus orci luctus et ultrices posuere cubilia Curae;
Eternal Sunshine of the Spotless Mind,Suspendisse potenti. Nullam in justo sit amet urna ultrices.
Pride and Prejudice,Maecenas nec sapien nec justo tincidunt lacinia.
Inception,Integer nec justo nec libero fermentum ultricies.
The Midnight Sky,Vivamus nec justo nec libero varius tincidunt.
The Great Gatsby,Pellentesque habitant morbi tristique senectus et netus et malesuada fames ac turpis egestas.
Lost in Translation,Pellentesque habitant morbi tristique senectus et netus et malesuada fames ac turpis egestas.
The Secret Garden,Lorem ipsum dolor sit amet
The Shawshank Redemption,Maecenas nec sapien nec justo tincidunt lacinia.
Lost in Translation,Fusce nec justo nec libero efficitur ultricies.
The Lion King,Quisque auctor nisl ac libero tincidunt
The Secret Garden,Lorem ipsum dolor sit amet
Eternal Sunshine of the Spotless Mind,Vestibulum ante ipsum primis in faucibus orci luctus et ultrices posuere cubilia Curae;
The Midnight Sky,vel ultricies risus ultrices.
Pride and Prejudice,Pellentesque habitant morbi tristique senectus et netus et malesuada fames ac turpis egestas.
The Midnight Sky,Suspendisse potenti. Nullam in justo sit amet urna ultrices.
The Shawshank Redemption,Suspendisse potenti. Nullam in justo sit amet urna ultrices.
The Secret Garden,Pellentesque habitant morbi tristique senectus et netus et malesuada fames ac turpis egestas.
Lost in Translation,Vestibulum ante ipsum primis in faucibus orci luctus et ultrices posuere cubilia Curae;
The Lion King,Donec ac justo nec velit tincidunt tincidunt.
The Secret Garden,Maecenas nec sapien nec justo tincidunt lacinia.
Pride and Prejudice,Vestibulum ante ipsum primis in faucibus orci luctus et ultrices posuere cubilia Curae;
The Secret Garden,Vivamus nec justo nec libero varius tincidunt.
Pride and Prejudice,Vestibulum ante ipsum primis in faucibus orci luctus et ultrices posuere cubilia Curae;
Pride and Prejudice,Quisque auctor nisl ac libero tincidunt
The Great Gatsby,vel ultricies risus ultrices.
The Shawshank Redemption,Suspendisse potenti. Nullam in justo sit amet urna ultrices.
The Matrix,consectetur adipiscing elit.
Eternal Sunshine of the Spotless Mind,vel ultricies risus ultrices.
The Lion King,Donec ac justo nec velit tincidunt tincidunt.
Pride and Prejudice,Maecenas nec sapien nec justo tincidunt lacinia.
Eternal Sunshine of the Spotless Mind,Pellentesque habitant morbi tristique senectus et netus et malesuada fames ac turpis egestas.
Pride and Prejudice,Pellentesque habitant morbi tristique senectus et netus et malesuada fames ac turpis egestas.
Lost in Translation,Lorem ipsum dolor sit amet
Lost in Translation,Pellentesque habitant morbi tristique senectus et netus et malesuada fames ac turpis egestas.
The Secret Garden,Fusce nec justo nec libero efficitur ultricies.
Inception,Donec ac justo nec velit tincidunt tincidunt.
Lost in Translation,Integer nec justo nec libero fermentum ultricies.
The Shawshank Redemption,Vivamus nec justo nec libero varius tincidunt.
The Secret Garden,Donec ac justo nec velit tincidunt tincidunt.
The Midnight Sky,Lorem ipsum dolor sit amet
Pride and Prejudice,Quisque auctor nisl ac libero tincidunt
The Great Gatsby,Maecenas nec sapien nec justo tincidunt lacinia.
Lost in Translation,Pellentesque habitant morbi tristique senectus et netus et malesuada fames ac turpis egestas.
The Midnight Sky,Donec ac justo nec velit tincidunt tincidunt.
The Matrix,Pellentesque habitant morbi tristique senectus et netus et malesuada fames ac turpis egestas.
The Secret Garden,Pellentesque habitant morbi tristique senectus et netus et malesuada fames ac turpis egestas.
Eternal Sunshine of the Spotless Mind,Maecenas nec sapien nec justo tincidunt lacinia.
The Secret Garden,Vestibulum ante ipsum primis in faucibus orci luctus et ultrices posuere cubilia Curae;
The Midnight Sky,Integer nec justo nec libero fermentum ultricies.
The Matrix,consectetur adipiscing elit.
Inception,Quisque auctor nisl ac libero tincidunt
Eternal Sunshine of the Spotless Mind,Quisque auctor nisl ac libero tincidunt
Eternal Sunshine of the Spotless Mind,vel ultricies risus ultrices.
The Secret Garden,Lorem ipsum dolor sit amet
Inception,vel ultricies risus ultrices.
The Shawshank Redemption,Vestibulum ante ipsum primis in faucibus orci luctus et ultrices posuere cubilia Curae;
The Great Gatsby,Vivamus nec justo nec libero varius tincidunt.
The Secret Garden,Suspendisse potenti. Nullam in justo sit amet urna ultrices.
The Matrix,Pellentesque habitant morbi tristique senectus et netus et malesuada fames ac turpis egestas.
Eternal Sunshine of the Spotless Mind,Maecenas nec sapien nec justo tincidunt lacinia.
Pride and Prejudice,Vestibulum ante ipsum primis in faucibus orci luctus et ultrices posuere cubilia Curae;
Lost in Translation,Integer nec justo nec libero fermentum ultricies.
The Secret Garden,vel ultricies risus ultrices.
The Midnight Sky,Suspendisse potenti. Nullam in justo sit amet urna ultrices.
The Secret Garden,Quisque auctor nisl ac libero tincidunt
Lost in Translation,Quisque auctor nisl ac libero tincidunt
The Midnight Sky,consectetur adipiscing elit.
Pride and Prejudice,Vestibulum ante ipsum primis in faucibus orci luctus et ultrices posuere cubilia Curae;
Eternal Sunshine of the Spotless Mind,Fusce nec justo nec libero efficitur ultricies.
The Matrix,Integer nec justo nec libero fermentum ultricies.
The Midnight Sky,Quisque auctor nisl ac libero tincidunt
The Lion King,Maecenas nec sapien nec justo tincidunt lacinia.
The Midnight Sky,Quisque auctor nisl ac libero tincidunt
The Great Gatsby,Maecenas nec sapien nec justo tincidunt lacinia.
Lost in Translation,Fusce nec justo nec libero efficitur ultricies.
The Matrix,Pellentesque habitant morbi tristique senectus et netus et malesuada fames ac turpis egestas.
Inception,Donec ac justo nec velit tincidunt tincidunt.
Pride and Prejudice,consectetur adipiscing elit.
Lost in Translation,Integer nec justo nec libero fermentum ultricies.
The Secret Garden,Vivamus nec justo nec libero varius tincidunt.
The Shawshank Redemption,vel ultricies risus ultrices.
The Great Gatsby,Suspendisse potenti. Nullam in justo sit amet urna ultrices.
Eternal Sunshine of the Spotless Mind,Maecenas nec sapien nec justo tincidunt lacinia.
The Lion King,vel ultricies risus ultrices.
Pride and Prejudice,Fusce nec justo nec libero efficitur ultricies.
The Lion King,Lorem ipsum dolor sit amet
The Secret Garden,Maecenas nec sapien nec justo tincidunt lacinia.
Inception,vel ultricies risus ultrices.
Eternal Sunshine of the Spotless Mind,Vestibulum ante ipsum primis in faucibus orci luctus et ultrices posuere cubilia Curae;
The Secret Garden,Lorem ipsum dolor sit amet
Lost in Translation,Donec ac justo nec velit tincidunt tincidunt.
Eternal Sunshine of the Spotless Mind,Donec ac justo nec velit tincidunt tincidunt.
The Secret Garden,Vestibulum ante ipsum primis in faucibus orci luctus et ultrices posuere cubilia Curae;
Inception,vel ultricies risus ultrices.
The Lion King,Lorem ipsum dolor sit amet
Lost in Translation,Vestibulum ante ipsum primis in faucibus orci luctus et ultrices posuere cubilia Curae;
Pride and Prejudice,vel ultricies risus ultrices.
The Lion King,Integer nec justo nec libero fermentum ultricies.
Eternal Sunshine of the Spotless Mind,Pellentesque habitant morbi tristique senectus et netus et malesuada fames ac turpis egestas.
The Great Gatsby,consectetur adipiscing elit.
The Lion King,Integer nec justo nec libero fermentum ultricies.
The Midnight Sky,Vestibulum ante ipsum primis in faucibus orci luctus et ultrices posuere cubilia Curae;
The Secret Garden,Vestibulum ante ipsum primis in faucibus orci luctus et ultrices posuere cubilia Curae;
The Secret Garden,Integer nec justo nec libero fermentum ultricies.
The Shawshank Redemption,Vestibulum ante ipsum primis in faucibus orci luctus et ultrices posuere cubilia Curae;
Pride and Prejudice,Maecenas nec sapien nec justo tincidunt lacinia.
The Great Gatsby,Lorem ipsum dolor sit amet
The Shawshank Redemption,Vestibulum ante ipsum primis in faucibus orci luctus et ultrices posuere cubilia Curae;
The Matrix,Suspendisse potenti. Nullam in justo sit amet urna ultrices.
The Secret Garden,vel ultricies risus ultrices.
The Shawshank Redemption,Suspendisse potenti. Nullam in justo sit amet urna ultrices.
Pride and Prejudice,consectetur adipiscing elit.
The Secret Garden,Donec ac justo nec velit tincidunt tincidunt.
Lost in Translation,Suspendisse potenti. Nullam in justo sit amet urna ultrices.
Inception,consectetur adipiscing elit.
The Great Gatsby,Integer nec justo nec libero fermentum ultricies.
The Great Gatsby,Donec ac justo nec velit tincidunt tincidunt.
Eternal Sunshine of the Spotless Mind,Pellentesque habitant morbi tristique senectus et netus et malesuada fames ac turpis egestas.
The Midnight Sky,Donec ac justo nec velit tincidunt tincidunt.
The Secret Garden,Fusce nec justo nec libero efficitur ultricies.
The Lion King,Fusce nec justo nec libero efficitur ultricies.
The Secret Garden,Vivamus nec justo nec libero varius tincidunt.
Lost in Translation,Pellentesque habitant morbi tristique senectus et netus et malesuada fames ac turpis egestas.
The Midnight Sky,Integer nec justo nec libero fermentum ultricies.
The Midnight Sky,Vivamus nec justo nec libero varius tincidunt.
Inception,Donec ac justo nec velit tincidunt tincidunt.
The Matrix,Quisque auctor nisl ac libero tincidunt
The Lion King,Vivamus nec justo nec libero varius tincidunt.
The Lion King,Vestibulum ante ipsum primis in faucibus orci luctus et ultrices posuere cubilia Curae;
The Great Gatsby,Lorem ipsum dolor sit amet
Eternal Sunshine of the Spotless Mind,Lorem ipsum dolor sit amet
The Shawshank Redemption,Suspendisse potenti. Nullam in justo sit amet urna ultrices.
The Midnight Sky,Vestibulum ante ipsum primis in faucibus orci luctus et ultrices posuere cubilia Curae;
The Matrix,Integer nec justo nec libero fermentum ultricies.
Pride and Prejudice,Fusce nec justo nec libero efficitur ultricies.
The Midnight Sky,Quisque auctor nisl ac libero tincidunt
Pride and Prejudice,Suspendisse potenti. Nullam in justo sit amet urna ultrices.
Inception,Pellentesque habitant morbi tristique senectus et netus et malesuada fames ac turpis egestas.
The Midnight Sky,Quisque auctor nisl ac libero tincidunt
Inception,Vivamus nec justo nec libero varius tincidunt.
Pride and Prejudice,Vivamus nec justo nec libero varius tincidunt.
The Shawshank Redemption,Maecenas nec sapien nec justo tincidunt lacinia.
Eternal Sunshine of the Spotless Mind,Vivamus nec justo nec libero varius tincidunt.
Eternal Sunshine of the Spotless Mind,Fusce nec justo nec libero efficitur ultricies.
The Shawshank Redemption,Pellentesque habitant morbi tristique senectus et netus et malesuada fames ac turpis egestas.
The Midnight Sky,Fusce nec justo nec libero efficitur ultricies.
Lost in Translation,Vivamus nec justo nec libero varius tincidunt.
The Matrix,Maecenas nec sapien nec justo tincidunt lacinia.
The Great Gatsby,Lorem ipsum dolor sit amet
Eternal Sunshine of the Spotless Mind,Pellentesque habitant morbi tristique senectus et netus et malesuada fames ac turpis egestas.
The Lion King,Pellentesque habitant morbi tristique senectus et netus et malesuada fames ac turpis egestas.
The Matrix,Lorem ipsum dolor sit amet
The Matrix,Quisque auctor nisl ac libero tincidunt
The Midnight Sky,Lorem ipsum dolor sit amet
Lost in Translation,Quisque auctor nisl ac libero tincidunt
The Great Gatsby,Lorem ipsum dolor sit amet
The Great Gatsby,Fusce nec justo nec libero efficitur ultricies.
The Great Gatsby,vel ultricies risus ultrices.
Pride and Prejudice,Vivamus nec justo nec libero varius tincidunt.
Inception,Fusce nec justo nec libero efficitur ultricies.
Lost in Translation,consectetur adipiscing elit.
The Lion King,Donec ac justo nec velit tincidunt tincidunt.
The Matrix,Vestibulum ante ipsum primis in faucibus orci luctus et ultrices posuere cubilia Curae;
Inception,Maecenas nec sapien nec justo tincidunt lacinia.
The Secret Garden,Quisque auctor nisl ac libero tincidunt
The Midnight Sky,Donec ac justo nec velit tincidunt tincidunt.
The Secret Garden,Donec ac justo nec velit tincidunt tincidunt.
The Matrix,consectetur adipiscing elit.
Pride and Prejudice,Pellentesque habitant morbi tristique senectus et netus et malesuada fames ac turpis egestas.
The Matrix,Lorem ipsum dolor sit amet
The Secret Garden,Fusce nec justo nec libero efficitur ultricies.
Pride and Prejudice,Vivamus nec justo nec libero varius tincidunt.
The Secret Garden,Maecenas nec sapien nec justo tincidunt lacinia.
Lost in Translation,Integer nec justo nec libero fermentum ultricies.
Lost in Translation,Vestibulum ante ipsum primis in faucibus orci luctus et ultrices posuere cubilia Curae;
The Lion King,Fusce nec justo nec libero efficitur ultricies.
The Secret Garden,Vestibulum ante ipsum primis in faucibus orci luctus et ultrices posuere cubilia Curae;
Eternal Sunshine of the Spotless Mind,Quisque auctor nisl ac libero tincidunt
Eternal Sunshine of the Spotless Mind,Pellentesque habitant morbi tristique senectus et netus et malesuada fames ac turpis egestas.
The Secret Garden,Pellentesque habitant morbi tristique senectus et netus et malesuada fames ac turpis egestas.
The Matrix,Suspendisse potenti. Nullam in justo sit amet urna ultrices.
Pride and Prejudice,Donec ac justo nec velit tincidunt tincidunt.
The Shawshank Redemption,Donec ac justo nec velit tincidunt tincidunt.
The Lion King,Vestibulum ante ipsum primis in faucibus orci luctus et ultrices posuere cubilia Curae;
The Matrix,Vivamus nec justo nec libero varius tincidunt.
Pride and Prejudice,vel ultricies risus ultrices.
Lost in Translation,Vivamus nec justo nec libero varius tincidunt.
Pride and Prejudice,Quisque auctor nisl ac libero tincidunt
Lost in Translation,Vestibulum ante ipsum primis in faucibus orci luctus et ultrices posuere cubilia Curae;
Eternal Sunshine of the Spotless Mind,Vivamus nec justo nec libero varius tincidunt.
Pride and Prejudice,Quisque auctor nisl ac libero tincidunt
The Shawshank Redemption,consectetur adipiscing elit.
The Secret Garden,Fusce nec justo nec libero efficitur ultricies.
The Secret Garden,Vestibulum ante ipsum primis in faucibus orci luctus et ultrices posuere cubilia Curae;
Inception,Maecenas nec sapien nec justo tincidunt lacinia.
The Shawshank Redemption,Maecenas nec sapien nec justo tincidunt lacinia.
The Secret Garden,vel ultricies risus ultrices.
The Midnight Sky,Maecenas nec sapien nec justo tincidunt lacinia.
Pride and Prejudice,vel ultricies risus ultrices.
Eternal Sunshine of the Spotless Mind,Lorem ipsum dolor sit amet
Inception,Integer nec justo nec libero fermentum ultricies.
Lost in Translation,Suspendisse potenti. Nullam in justo sit amet urna ultrices.
Eternal Sunshine of the Spotless Mind,vel ultricies risus ultrices.
The Great Gatsby,vel ultricies risus ultrices.
The Matrix,vel ultricies risus ultrices.
The Great Gatsby,Vivamus nec justo nec libero varius tincidunt.
Pride and Prejudice,Fusce nec justo nec libero efficitur ultricies.
The Midnight Sky,Donec ac justo nec velit tincidunt tincidunt.
The Lion King,Pellentesque habitant morbi tristique senectus et netus et malesuada fames ac turpis egestas.
Inception,Suspendisse potenti. Nullam in justo sit amet urna ultrices.
The Shawshank Redemption,Vestibulum ante ipsum primis in faucibus orci luctus et ultrices posuere cubilia Curae;
Lost in Translation,Lorem ipsum dolor sit amet
Lost in Translation,Donec ac justo nec velit tincidunt tincidunt.
Eternal Sunshine of the Spotless Mind,Quisque auctor nisl ac libero tincidunt
The Secret Garden,Pellentesque habitant morbi tristique senectus et netus et malesuada fames ac turpis egestas.
Eternal Sunshine of the Spotless Mind,Suspendisse potenti. Nullam in justo sit amet urna ultrices.
Eternal Sunshine of the Spotless Mind,Donec ac justo nec velit tincidunt tincidunt.
The Secret Garden,Integer nec justo nec libero fermentum ultricies.
Lost in Translation,Fusce nec justo nec libero efficitur ultricies.
The Secret Garden,Quisque auctor nisl ac libero tincidunt
Eternal Sunshine of the Spotless Mind,Maecenas nec sapien nec justo tincidunt lacinia.
The Secret Garden,Suspendisse potenti. Nullam in justo sit amet urna ultrices.
The Shawshank Redemption,Lorem ipsum dolor sit amet
Lost in Translation,Vestibulum ante ipsum primis in faucibus orci luctus et ultrices posuere cubilia Curae;
The Matrix,Integer nec justo nec libero fermentum ultricies.
The Great Gatsby,Donec ac justo nec velit tincidunt tincidunt.
The Secret Garden,Maecenas nec sapien nec justo tincidunt lacinia.
The Secret Garden,Integer nec justo nec libero fermentum ultricies.
Eternal Sunshine of the Spotless Mind,Lorem ipsum dolor sit amet
Lost in Translation,Quisque auctor nisl ac libero tincidunt
The Matrix,Suspendisse potenti. Nullam in justo sit amet urna ultrices.
The Lion King,Vestibulum ante ipsum primis in faucibus orci luctus et ultrices posuere cubilia Curae;
Eternal Sunshine of the Spotless Mind,vel ultricies risus ultrices.
Lost in Translation,consectetur adipiscing elit.
Eternal Sunshine of the Spotless Mind,Donec ac justo nec velit tincidunt tincidunt.
The Lion King,Suspendisse potenti. Nullam in justo sit amet urna ultrices.
The Lion King,consectetur adipiscing elit.
Inception,Vivamus nec justo nec libero varius tincidunt.
The Matrix,Vivamus nec justo nec libero varius tincidunt.
Pride and Prejudice,Donec ac justo nec velit tincidunt tincidunt.
The Great Gatsby,Donec ac justo nec velit tincidunt tincidunt.
The Great Gatsby,vel ultricies risus ultrices.
The Midnight Sky,Integer nec justo nec libero fermentum ultricies.
The Midnight Sky,Suspendisse potenti. Nullam in justo sit amet urna ultrices.
The Secret Garden,Vivamus nec justo nec libero varius tincidunt.
The Great Gatsby,Maecenas nec sapien nec justo tincidunt lacinia.
The Shawshank Redemption,Donec ac justo nec velit tincidunt tincidunt.
The Matrix,vel ultricies risus ultrices.
The Great Gatsby,Donec ac justo nec velit tincidunt tincidunt.
Pride and Prejudice,Integer nec justo nec libero fermentum ultricies.
The Midnight Sky,Quisque auctor nisl ac libero tincidunt
The Lion King,Suspendisse potenti. Nullam in justo sit amet urna ultrices.
The Midnight Sky,Pellentesque habitant morbi tristique senectus et netus et malesuada fames ac turpis egestas.
Eternal Sunshine of the Spotless Mind,Lorem ipsum dolor sit amet
The Matrix,vel ultricies risus ultrices.
The Secret Garden,Integer nec justo nec libero fermentum ultricies.
The Great Gatsby,Quisque auctor nisl ac libero tincidunt
The Lion King,vel ultricies risus ultrices.
The Shawshank Redemption,Maecenas nec sapien nec justo tincidunt lacinia.
The Shawshank Redemption,Integer nec justo nec libero fermentum ultricies.
The Midnight Sky,Integer nec justo nec libero fermentum ultricies.
Lost in Translation,Pellentesque habitant morbi tristique senectus et netus et malesuada fames ac turpis egestas.
The Great Gatsby,Maecenas nec sapien nec justo tincidunt lacinia.
Inception,Integer nec justo nec libero fermentum ultricies.
Lost in Translation,Fusce nec justo nec libero efficitur ultricies.
The Secret Garden,Vivamus nec justo nec libero varius tincidunt.
The Midnight Sky,Quisque auctor nisl ac libero tincidunt
Pride and Prejudice,Integer nec justo nec libero fermentum ultricies.
The Secret Garden,Pellentesque habitant morbi tristique senectus et netus et malesuada fames ac turpis egestas.
The Secret Garden,vel ultricies risus ultrices.
The Shawshank Redemption,Suspendisse potenti. Nullam in justo sit amet urna ultrices.
Inception,Suspendisse potenti. Nullam in justo sit amet urna ultrices.
Pride and Prejudice,Vivamus nec justo nec libero varius tincidunt.
Eternal Sunshine of the Spotless Mind,Quisque auctor nisl ac libero tincidunt
The Matrix,Quisque auctor nisl ac libero tincidunt
Pride and Prejudice,Vivamus nec justo nec libero varius tincidunt.
The Lion King,consectetur adipiscing elit.
The Great Gatsby,Pellentesque habitant morbi tristique senectus et netus et malesuada fames ac turpis egestas.
Pride and Prejudice,Pellentesque habitant morbi tristique senectus et netus et malesuada fames ac turpis egestas.
The Great Gatsby,Suspendisse potenti. Nullam in justo sit amet urna ultrices.
The Matrix,consectetur adipiscing elit.
The Secret Garden,Integer nec justo nec libero fermentum ultricies.
Pride and Prejudice,Fusce nec justo nec libero efficitur ultricies.
The Secret Garden,Integer nec justo nec libero fermentum ultricies.
The Shawshank Redemption,consectetur adipiscing elit.
Eternal Sunshine of the Spotless Mind,Lorem ipsum dolor sit amet
Inception,Fusce nec justo nec libero efficitur ultricies.
The Lion King,consectetur adipiscing elit.
The Lion King,Suspendisse potenti. Nullam in justo sit amet urna ultrices.
The Lion King,Lorem ipsum dolor sit amet
Pride and Prejudice,Donec ac justo nec velit tincidunt tincidunt.
Inception,Fusce nec justo nec libero efficitur ultricies.
Lost in Translation,vel ultricies risus ultrices.
The Great Gatsby,Pellentesque habitant morbi tristique senectus et netus et malesuada fames ac turpis egestas.
Pride and Prejudice,Integer nec justo nec libero fermentum ultricies.
The Midnight Sky,Donec ac justo nec velit tincidunt tincidunt.
The Matrix,Suspendisse potenti. Nullam in justo sit amet urna ultrices.
Inception,Vestibulum ante ipsum primis in faucibus orci luctus et ultrices posuere cubilia Curae;
The Secret Garden,Vestibulum ante ipsum primis in faucibus orci luctus et ultrices posuere cubilia Curae;
Pride and Prejudice,consectetur adipiscing elit.
The Matrix,Donec ac justo nec velit tincidunt tincidunt.
Eternal Sunshine of the Spotless Mind,Fusce nec justo nec libero efficitur ultricies.
Lost in Translation,Fusce nec justo nec libero efficitur ultricies.
Eternal Sunshine of the Spotless Mind,Donec ac justo nec velit tincidunt tincidunt.
The Shawshank Redemption,vel ultricies risus ultrices.
Lost in Translation,Lorem ipsum dolor sit amet
The Midnight Sky,Vestibulum ante ipsum primis in faucibus orci luctus et ultrices posuere cubilia Curae;
The Great Gatsby,Quisque auctor nisl ac libero tincidunt
The Great Gatsby,vel ultricies risus ultrices.
Pride and Prejudice,Vestibulum ante ipsum primis in faucibus orci luctus et ultrices posuere cubilia Curae;
The Matrix,Donec ac justo nec velit tincidunt tincidunt.
The Lion King,Vestibulum ante ipsum primis in faucibus orci luctus et ultrices posuere cubilia Curae;
The Secret Garden,vel ultricies risus ultrices.
Eternal Sunshine of the Spotless Mind,consectetur adipiscing elit.
The Midnight Sky,Integer nec justo nec libero fermentum ultricies.
Inception,Quisque auctor nisl ac libero tincidunt
The Secret Garden,Lorem ipsum dolor sit amet
The Shawshank Redemption,Fusce nec justo nec libero efficitur ultricies.
The Matrix,Vestibulum ante ipsum primis in faucibus orci luctus et ultrices posuere cubilia Curae;
The Midnight Sky,Fusce nec justo nec libero efficitur ultricies.
Eternal Sunshine of the Spotless Mind,Vivamus nec justo nec libero varius tincidunt.
The Lion King,Quisque auctor nisl ac libero tincidunt
Inception,Vivamus nec justo nec libero varius tincidunt.
Lost in Translation,Vivamus nec justo nec libero varius tincidunt.
The Matrix,Lorem ipsum dolor sit amet
Pride and Prejudice,Quisque auctor nisl ac libero tincidunt
The Lion King,Fusce nec justo nec libero efficitur ultricies.
Lost in Translation,Quisque auctor nisl ac libero tincidunt
Eternal Sunshine of the Spotless Mind,Suspendisse potenti. Nullam in justo sit amet urna ultrices.
The Great Gatsby,Vivamus nec justo nec libero varius tincidunt.
The Midnight Sky,Vivamus nec justo nec libero varius tincidunt.
The Secret Garden,Maecenas nec sapien nec justo tincidunt lacinia.
Eternal Sunshine of the Spotless Mind,Donec ac justo nec velit tincidunt tincidunt.
The Matrix,Lorem ipsum dolor sit amet
The Shawshank Redemption,Integer nec justo nec libero fermentum ultricies.
The Great Gatsby,Maecenas nec sapien nec justo tincidunt lacinia.
The Matrix,Donec ac justo nec velit tincidunt tincidunt.
Inception,vel ultricies risus ultrices.
The Lion King,Lorem ipsum dolor sit amet
The Lion King,consectetur adipiscing elit.
The Great Gatsby,Lorem ipsum dolor sit amet
The Midnight Sky,Pellentesque habitant morbi tristique senectus et netus et malesuada fames ac turpis egestas.
The Secret Garden,Maecenas nec sapien nec justo tincidunt lacinia.
Pride and Prejudice,vel ultricies risus ultrices.
The Secret Garden,Integer nec justo nec libero fermentum ultricies.
The Matrix,Integer nec justo nec libero fermentum ultricies.
The Midnight Sky,Integer nec justo nec libero fermentum ultricies.
Lost in Translation,Pellentesque habitant morbi tristique senectus et netus et malesuada fames ac turpis egestas.
The Secret Garden,Lorem ipsum dolor sit amet
Eternal Sunshine of the Spotless Mind,Maecenas nec sapien nec justo tincidunt lacinia.
The Secret Garden,Vestibulum ante ipsum primis in faucibus orci luctus et ultrices posuere cubilia Curae;
The Lion King,Vivamus nec justo nec libero varius tincidunt.
The Secret Garden,Maecenas nec sapien nec justo tincidunt lacinia.
The Matrix,Lorem ipsum dolor sit amet
The Lion King,Donec ac justo nec velit tincidunt tincidunt.
The Great Gatsby,Maecenas nec sapien nec justo tincidunt lacinia.
Pride and Prejudice,Vivamus nec justo nec libero varius tincidunt.
The Shawshank Redemption,vel ultricies risus ultrices.
The Secret Garden,Lorem ipsum dolor sit amet
The Lion King,Maecenas nec sapien nec justo tincidunt lacinia.
The Matrix,vel ultricies risus ultrices.
Inception,consectetur adipiscing elit.
The Shawshank Redemption,Maecenas nec sapien nec justo tincidunt lacinia.
Inception,Maecenas nec sapien nec justo tincidunt lacinia.
The Midnight Sky,Vivamus nec justo nec libero varius tincidunt.
Pride and Prejudice,consectetur adipiscing elit.
The Midnight Sky,Donec ac justo nec velit tincidunt tincidunt.
The Great Gatsby,Quisque auctor nisl ac libero tincidunt
The Lion King,Maecenas nec sapien nec justo tincidunt lacinia.
Eternal Sunshine of the Spotless Mind,Donec ac justo nec velit tincidunt tincidunt.
Inception,Fusce nec justo nec libero efficitur ultricies.
Inception,Lorem ipsum dolor sit amet
The Great Gatsby,consectetur adipiscing elit.
The Shawshank Redemption,Pellentesque habitant morbi tristique senectus et netus et malesuada fames ac turpis egestas.
The Secret Garden,consectetur adipiscing elit.
The Lion King,Vestibulum ante ipsum primis in faucibus orci luctus et ultrices posuere cubilia Curae;
Lost in Translation,Donec ac justo nec velit tincidunt tincidunt.
The Great Gatsby,Donec ac justo nec velit tincidunt tincidunt.
The Secret Garden,vel ultricies risus ultrices.
The Shawshank Redemption,Quisque auctor nisl ac libero tincidunt
The Secret Garden,Pellentesque habitant morbi tristique senectus et netus et malesuada fames ac turpis egestas.
The Matrix,Quisque auctor nisl ac libero tincidunt
The Shawshank Redemption,Lorem ipsum dolor sit amet
The Matrix,Lorem ipsum dolor sit amet
The Great Gatsby,Quisque auctor nisl ac libero tincidunt
The Great Gatsby,consectetur adipiscing elit.
Lost in Translation,consectetur adipiscing elit.
The Matrix,Fusce nec justo nec libero efficitur ultricies.
Pride and Prejudice,Quisque auctor nisl ac libero tincidunt
Lost in Translation,Lorem ipsum dolor sit amet
Eternal Sunshine of the Spotless Mind,vel ultricies risus ultrices.
The Great Gatsby,vel ultricies risus ultrices.
The Midnight Sky,Quisque auctor nisl ac libero tincidunt
The Secret Garden,Vivamus nec justo nec libero varius tincidunt.
The Midnight Sky,Integer nec justo nec libero fermentum ultricies.
Lost in Translation,Maecenas nec sapien nec justo tincidunt lacinia.
The Great Gatsby,Maecenas nec sapien nec justo tincidunt lacinia.
The Lion King,Vestibulum ante ipsum primis in faucibus orci luctus et ultrices posuere cubilia Curae;
The Midnight Sky,Vestibulum ante ipsum primis in faucibus orci luctus et ultrices posuere cubilia Curae;
The Great Gatsby,Suspendisse potenti. Nullam in justo sit amet urna ultrices.
Inception,Lorem ipsum dolor sit amet
Inception,Vestibulum ante ipsum primis in faucibus orci luctus et ultrices posuere cubilia Curae;
The Great Gatsby,vel ultricies risus ultrices.
The Great Gatsby,Quisque auctor nisl ac libero tincidunt
Lost in Translation,Quisque auctor nisl ac libero tincidunt
The Lion King,consectetur adipiscing elit.
The Matrix,Pellentesque habitant morbi tristique senectus et netus et malesuada fames ac turpis egestas.
Eternal Sunshine of the Spotless Mind,Maecenas nec sapien nec justo tincidunt lacinia.
The Secret Garden,Fusce nec justo nec libero efficitur ultricies.
The Secret Garden,Integer nec justo nec libero fermentum ultricies.
The Secret Garden,Donec ac justo nec velit tincidunt tincidunt.
The Shawshank Redemption,Pellentesque habitant morbi tristique senectus et netus et malesuada fames ac turpis egestas.
The Midnight Sky,consectetur adipiscing elit.
Inception,Suspendisse potenti. Nullam in justo sit amet urna ultrices.
The Secret Garden,Quisque auctor nisl ac libero tincidunt
The Great Gatsby,Suspendisse potenti. Nullam in justo sit amet urna ultrices.
The Shawshank Redemption,Quisque auctor nisl ac libero tincidunt
The Midnight Sky,Fusce nec justo nec libero efficitur ultricies.
The Secret Garden,Suspendisse potenti. Nullam in justo sit amet urna ultrices.
The Secret Garden,consectetur adipiscing elit.
The Matrix,consectetur adipiscing elit.
Pride and Prejudice,Quisque auctor nisl ac libero tincidunt
Lost in Translation,Donec ac justo nec velit tincidunt tincidunt.
The Matrix,consectetur adipiscing elit.
The Great Gatsby,Pellentesque habitant morbi tristique senectus et netus et malesuada fames ac turpis egestas.
The Secret Garden,Vestibulum ante ipsum primis in faucibus orci luctus et ultrices posuere cubilia Curae;
Eternal Sunshine of the Spotless Mind,Suspendisse potenti. Nullam in justo sit amet urna ultrices.
Lost in Translation,Integer nec justo nec libero fermentum ultricies.
The Secret Garden,Integer nec justo nec libero fermentum ultricies.
Inception,Quisque auctor nisl ac libero tincidunt
The Midnight Sky,Maecenas nec sapien nec justo tincidunt lacinia.
The Shawshank Redemption,Lorem ipsum dolor sit amet
The Great Gatsby,Maecenas nec sapien nec justo tincidunt lacinia.
The Matrix,Quisque auctor nisl ac libero tincidunt
The Lion King,Fusce nec justo nec libero efficitur ultricies.
The Matrix,Integer nec justo nec libero fermentum ultricies.
Eternal Sunshine of the Spotless Mind,Integer nec justo nec libero fermentum ultricies.
The Matrix,Maecenas nec sapien nec justo tincidunt lacinia.
The Shawshank Redemption,Vivamus nec justo nec libero varius tincidunt.
The Great Gatsby,Pellentesque habitant morbi tristique senectus et netus et malesuada fames ac turpis egestas.
Lost in Translation,vel ultricies risus ultrices.
Inception,consectetur adipiscing elit.
The Secret Garden,consectetur adipiscing elit.
The Great Gatsby,Pellentesque habitant morbi tristique senectus et netus et malesuada fames ac turpis egestas.
The Secret Garden,Lorem ipsum dolor sit amet
The Shawshank Redemption,Integer nec justo nec libero fermentum ultricies.
Pride and Prejudice,Quisque auctor nisl ac libero tincidunt
The Lion King,Vivamus nec justo nec libero varius tincidunt.
The Lion King,Lorem ipsum dolor sit amet
Pride and Prejudice,Donec ac justo nec velit tincidunt tincidunt.
The Matrix,Quisque auctor nisl ac libero tincidunt
The Midnight Sky,Quisque auctor nisl ac libero tincidunt
The Lion King,Pellentesque habitant morbi tristique senectus et netus et malesuada fames ac turpis egestas.
The Shawshank Redemption,Fusce nec justo nec libero efficitur ultricies.
The Great Gatsby,Pellentesque habitant morbi tristique senectus et netus et malesuada fames ac turpis egestas.
Pride and Prejudice,Lorem ipsum dolor sit amet
Inception,Vivamus nec justo nec libero varius tincidunt.
The Matrix,Maecenas nec sapien nec justo tincidunt lacinia.
Pride and Prejudice,Donec ac justo nec velit tincidunt tincidunt.
The Great Gatsby,Vestibulum ante ipsum primis in faucibus orci luctus et ultrices posuere cubilia Curae;
The Secret Garden,Suspendisse potenti. Nullam in justo sit amet urna ultrices.
The Shawshank Redemption,vel ultricies risus ultrices.
The Lion King,Vestibulum ante ipsum primis in faucibus orci luctus et ultrices posuere cubilia Curae;
Eternal Sunshine of the Spotless Mind,Integer nec justo nec libero fermentum ultricies.
Pride and Prejudice,Pellentesque habitant morbi tristique senectus et netus et malesuada fames ac turpis egestas.
The Shawshank Redemption,Pellentesque habitant morbi tristique senectus et netus et malesuada fames ac turpis egestas.
The Shawshank Redemption,Vestibulum ante ipsum primis in faucibus orci luctus et ultrices posuere cubilia Curae;
The Secret Garden,Quisque auctor nisl ac libero tincidunt
Lost in Translation,Suspendisse potenti. Nullam in justo sit amet urna ultrices.
The Lion King,vel ultricies risus ultrices.
The Lion King,Vestibulum ante ipsum primis in faucibus orci luctus et ultrices posuere cubilia Curae;
Eternal Sunshine of the Spotless Mind,Vestibulum ante ipsum primis in faucibus orci luctus et ultrices posuere cubilia Curae;
Lost in Translation,Vestibulum ante ipsum primis in faucibus orci luctus et ultrices posuere cubilia Curae;
Lost in Translation,Donec ac justo nec velit tincidunt tincidunt.
The Lion King,Fusce nec justo nec libero efficitur ultricies.
The Lion King,Fusce nec justo nec libero efficitur ultricies.
Inception,Suspendisse potenti. Nullam in justo sit amet urna ultrices.
The Secret Garden,Integer nec justo nec libero fermentum ultricies.
The Secret Garden,Vivamus nec justo nec libero varius tincidunt.
The Great Gatsby,Vivamus nec justo nec libero varius tincidunt.
The Shawshank Redemption,Maecenas nec sapien nec justo tincidunt lacinia.
The Shawshank Redemption,Vestibulum ante ipsum primis in faucibus orci luctus et ultrices posuere cubilia Curae;
Inception,consectetur adipiscing elit.
The Secret Garden,consectetur adipiscing elit.
The Secret Garden,Pellentesque habitant morbi tristique senectus et netus et malesuada fames ac turpis egestas.
The Secret Garden,Maecenas nec sapien nec justo tincidunt lacinia.
Lost in Translation,Vestibulum ante ipsum primis in faucibus orci luctus et ultrices posuere cubilia Curae;
The Shawshank Redemption,vel ultricies risus ultrices.
Eternal Sunshine of the Spotless Mind,Pellentesque habitant morbi tristique senectus et netus et malesuada fames ac turpis egestas.
The Great Gatsby,Donec ac justo nec velit tincidunt tincidunt.
The Matrix,Vestibulum ante ipsum primis in faucibus orci luctus et ultrices posuere cubilia Curae;
The Secret Garden,Pellentesque habitant morbi tristique senectus et netus et malesuada fames ac turpis egestas.
Lost in Translation,consectetur adipiscing elit.
The Matrix,Fusce nec justo nec libero efficitur ultricies.
The Matrix,Suspendisse potenti. Nullam in justo sit amet urna ultrices.
Lost in Translation,consectetur adipiscing elit.
The Lion King,Integer nec justo nec libero fermentum ultricies.
The Secret Garden,Suspendisse potenti. Nullam in justo sit amet urna ultrices.
The Matrix,vel ultricies risus ultrices.
Pride and Prejudice,Quisque auctor nisl ac libero tincidunt
The Shawshank Redemption,vel ultricies risus ultrices.
Inception,Quisque auctor nisl ac libero tincidunt
Lost in Translation,Fusce nec justo nec libero efficitur ultricies.
The Lion King,Pellentesque habitant morbi tristique senectus et netus et malesuada fames ac turpis egestas.
The Lion King,Maecenas nec sapien nec justo tincidunt lacinia.
The Great Gatsby,Vestibulum ante ipsum primis in faucibus orci luctus et ultrices posuere cubilia Curae;
The Midnight Sky,vel ultricies risus ultrices.
The Secret Garden,Suspendisse potenti. Nullam in justo sit amet urna ultrices.
The Midnight Sky,Donec ac justo nec velit tincidunt tincidunt.
The Midnight Sky,Integer nec justo nec libero fermentum ultricies.
The Shawshank Redemption,Fusce nec justo nec libero efficitur ultricies.
The Great Gatsby,Vivamus nec justo nec libero varius tincidunt.
The Great Gatsby,consectetur adipiscing elit.
Lost in Translation,Integer nec justo nec libero fermentum ultricies.
The Shawshank Redemption,Vestibulum ante ipsum primis in faucibus orci luctus et ultrices posuere cubilia Curae;
The Matrix,vel ultricies risus ultrices.
Inception,Fusce nec justo nec libero efficitur ultricies.
Lost in Translation,Maecenas nec sapien nec justo tincidunt lacinia.
The Lion King,Integer nec justo nec libero fermentum ultricies.
Pride and Prejudice,Vestibulum ante ipsum primis in faucibus orci luctus et ultrices posuere cubilia Curae;
The Great Gatsby,Fusce nec justo nec libero efficitur ultricies.
The Secret Garden,Maecenas nec sapien nec justo tincidunt lacinia.
The Secret Garden,vel ultricies risus ultrices.
The Shawshank Redemption,Vestibulum ante ipsum primis in faucibus orci luctus et ultrices posuere cubilia Curae;
The Great Gatsby,Vivamus nec justo nec libero varius tincidunt.
The Lion King,Integer nec justo nec libero fermentum ultricies.
The Lion King,Maecenas nec sapien nec justo tincidunt lacinia.
The Midnight Sky,Lorem ipsum dolor sit amet
The Matrix,Suspendisse potenti. Nullam in justo sit amet urna ultrices.
The Shawshank Redemption,vel ultricies risus ultrices.
The Secret Garden,Integer nec justo nec libero fermentum ultricies.
The Shawshank Redemption,Maecenas nec sapien nec justo tincidunt lacinia.
The Secret Garden,Vestibulum ante ipsum primis in faucibus orci luctus et ultrices posuere cubilia Curae;
Inception,Quisque auctor nisl ac libero tincidunt
The Matrix,Quisque auctor nisl ac libero tincidunt
The Shawshank Redemption,Vivamus nec justo nec libero varius tincidunt.
The Secret Garden,Quisque auctor nisl ac libero tincidunt
Lost in Translation,Vestibulum ante ipsum primis in faucibus orci luctus et ultrices posuere cubilia Curae;
The Lion King,Donec ac justo nec velit tincidunt tincidunt.
The Secret Garden,Vivamus nec justo nec libero varius tincidunt.
Lost in Translation,Lorem ipsum dolor sit amet
Lost in Translation,Pellentesque habitant morbi tristique senectus et netus et malesuada fames ac turpis egestas.
The Great Gatsby,Maecenas nec sapien nec justo tincidunt lacinia.
The Shawshank Redemption,Donec ac justo nec velit tincidunt tincidunt.
The Matrix,Donec ac justo nec velit tincidunt tincidunt.
The Great Gatsby,Lorem ipsum dolor sit amet
The Lion King,Lorem ipsum dolor sit amet
The Shawshank Redemption,Vivamus nec justo nec libero varius tincidunt.
The Matrix,Quisque auctor nisl ac libero tincidunt
Inception,Vivamus nec justo nec libero varius tincidunt.
The Secret Garden,Maecenas nec sapien nec justo tincidunt lacinia.
The Great Gatsby,vel ultricies risus ultrices.
The Shawshank Redemption,Pellentesque habitant morbi tristique senectus et netus et malesuada fames ac turpis egestas.
Lost in Translation,Fusce nec justo nec libero efficitur ultricies.
Eternal Sunshine of the Spotless Mind,consectetur adipiscing elit.
The Lion King,consectetur adipiscing elit.
Eternal Sunshine of the Spotless Mind,Quisque auctor nisl ac libero tincidunt
The Matrix,Suspendisse potenti. Nullam in justo sit amet urna ultrices.
Inception,Vivamus nec justo nec libero varius tincidunt.
Lost in Translation,Donec ac justo nec velit tincidunt tincidunt.
The Secret Garden,vel ultricies risus ultrices.
The Secret Garden,Integer nec justo nec libero fermentum ultricies.
Eternal Sunshine of the Spotless Mind,Maecenas nec sapien nec justo tincidunt lacinia.
The Matrix,Integer nec justo nec libero fermentum ultricies.
Pride and Prejudice,Vivamus nec justo nec libero varius tincidunt.
The Matrix,Fusce nec justo nec libero efficitur ultricies.
The Shawshank Redemption,Quisque auctor nisl ac libero tincidunt
The Lion King,Suspendisse potenti. Nullam in justo sit amet urna ultrices.
The Midnight Sky,vel ultricies risus ultrices.
The Secret Garden,Fusce nec justo nec libero efficitur ultricies.
Eternal Sunshine of the Spotless Mind,Quisque auctor nisl ac libero tincidunt
The Lion King,Quisque auctor nisl ac libero tincidunt
Eternal Sunshine of the Spotless Mind,Pellentesque habitant morbi tristique senectus et netus et malesuada fames ac turpis egestas.
Inception,Vestibulum ante ipsum primis in faucibus orci luctus et ultrices posuere cubilia Curae;
The Midnight Sky,Donec ac justo nec velit tincidunt tincidunt.
Inception,vel ultricies risus ultrices.
The Secret Garden,Fusce nec justo nec libero efficitur ultricies.
Inception,consectetur adipiscing elit.
Lost in Translation,Vestibulum ante ipsum primis in faucibus orci luctus et ultrices posuere cubilia Curae;
The Great Gatsby,Donec ac justo nec velit tincidunt tincidunt.
The Secret Garden,Lorem ipsum dolor sit amet
Inception,Vivamus nec justo nec libero varius tincidunt.
The Midnight Sky,Maecenas nec sapien nec justo tincidunt lacinia.
The Shawshank Redemption,Vestibulum ante ipsum primis in faucibus orci luctus et ultrices posuere cubilia Curae;
The Matrix,Pellentesque habitant morbi tristique senectus et netus et malesuada fames ac turpis egestas.
Eternal Sunshine of the Spotless Mind,consectetur adipiscing elit.
The Lion King,Integer nec justo nec libero fermentum ultricies.
The Great Gatsby,consectetur adipiscing elit.
Eternal Sunshine of the Spotless Mind,Fusce nec justo nec libero efficitur ultricies.
Lost in Translation,Suspendisse potenti. Nullam in justo sit amet urna ultrices.
Pride and Prejudice,vel ultricies risus ultrices.
The Matrix,Vivamus nec justo nec libero varius tincidunt.
The Lion King,Suspendisse potenti. Nullam in justo sit amet urna ultrices.
Pride and Prejudice,Integer nec justo nec libero fermentum ultricies.
The Secret Garden,consectetur adipiscing elit.
The Lion King,Donec ac justo nec velit tincidunt tincidunt.
The Lion King,Donec ac justo nec velit tincidunt tincidunt.
The Shawshank Redemption,Donec ac justo nec velit tincidunt tincidunt.
Inception,Maecenas nec sapien nec justo tincidunt lacinia.
The Lion King,Pellentesque habitant morbi tristique senectus et netus et malesuada fames ac turpis egestas.
Eternal Sunshine of the Spotless Mind,Quisque auctor nisl ac libero tincidunt
Inception,Integer nec justo nec libero fermentum ultricies.
The Matrix,Fusce nec justo nec libero efficitur ultricies.
The Shawshank Redemption,Quisque auctor nisl ac libero tincidunt
Eternal Sunshine of the Spotless Mind,consectetur adipiscing elit.
The Matrix,Quisque auctor nisl ac libero tincidunt
Inception,vel ultricies risus ultrices.
Eternal Sunshine of the Spotless Mind,Donec ac justo nec velit tincidunt tincidunt.
Inception,consectetur adipiscing elit.
Lost in Translation,Fusce nec justo nec libero efficitur ultricies.
Eternal Sunshine of the Spotless Mind,Vestibulum ante ipsum primis in faucibus orci luctus et ultrices posuere cubilia Curae;
The Secret Garden,Suspendisse potenti. Nullam in justo sit amet urna ultrices.
Lost in Translation,Donec ac justo nec velit tincidunt tincidunt.
Eternal Sunshine of the Spotless Mind,Lorem ipsum dolor sit amet
The Lion King,Maecenas nec sapien nec justo tincidunt lacinia.
The Shawshank Redemption,Suspendisse potenti. Nullam in justo sit amet urna ultrices.
Pride and Prejudice,Lorem ipsum dolor sit amet
The Lion King,Pellentesque habitant morbi tristique senectus et netus et malesuada fames ac turpis egestas.
The Secret Garden,Maecenas nec sapien nec justo tincidunt lacinia.
The Secret Garden,consectetur adipiscing elit.
Inception,Integer nec justo nec libero fermentum ultricies.
The Midnight Sky,Fusce nec justo nec libero efficitur ultricies.
The Secret Garden,vel ultricies risus ultrices.
The Midnight Sky,consectetur adipiscing elit.
The Lion King,Pellentesque habitant morbi tristique senectus et netus et malesuada fames ac turpis egestas.
The Lion King,Vivamus nec justo nec libero varius tincidunt.
Eternal Sunshine of the Spotless Mind,Suspendisse potenti. Nullam in justo sit amet urna ultrices.
The Lion King,Vivamus nec justo nec libero varius tincidunt.
Inception,Integer nec justo nec libero fermentum ultricies.
Inception,Lorem ipsum dolor sit amet
The Matrix,Donec ac justo nec velit tincidunt tincidunt.
The Secret Garden,Quisque auctor nisl ac libero tincidunt
The Secret Garden,Vivamus nec justo nec libero varius tincidunt.
The Matrix,Vivamus nec justo nec libero varius tincidunt.
Lost in Translation,Suspendisse potenti. Nullam in justo sit amet urna ultrices.
The Great Gatsby,Vivamus nec justo nec libero varius tincidunt.
Lost in Translation,Fusce nec justo nec libero efficitur ultricies.
The Great Gatsby,Donec ac justo nec velit tincidunt tincidunt.
The Shawshank Redemption,Vestibulum ante ipsum primis in faucibus orci luctus et ultrices posuere cubilia Curae;
Eternal Sunshine of the Spotless Mind,Maecenas nec sapien nec justo tincidunt lacinia.
Pride and Prejudice,Lorem ipsum dolor sit amet
The Great Gatsby,Integer nec justo nec libero fermentum ultricies.
Pride and Prejudice,Lorem ipsum dolor sit amet
Eternal Sunshine of the Spotless Mind,Fusce nec justo nec libero efficitur ultricies.
The Matrix,Suspendisse potenti. Nullam in justo sit amet urna ultrices.
The Lion King,vel ultricies risus ultrices.
The Secret Garden,Vestibulum ante ipsum primis in faucibus orci luctus et ultrices posuere cubilia Curae;
Eternal Sunshine of the Spotless Mind,Maecenas nec sapien nec justo tincidunt lacinia.
Pride and Prejudice,vel ultricies risus ultrices.
Eternal Sunshine of the Spotless Mind,vel ultricies risus ultrices.
The Secret Garden,Quisque auctor nisl ac libero tincidunt
The Midnight Sky,consectetur adipiscing elit.
Inception,Integer nec justo nec libero fermentum ultricies.
Pride and Prejudice,Donec ac justo nec velit tincidunt tincidunt.
The Shawshank Redemption,Suspendisse potenti. Nullam in justo sit amet urna ultrices.
Pride and Prejudice,Donec ac justo nec velit tincidunt tincidunt.
The Midnight Sky,Quisque auctor nisl ac libero tincidunt
Lost in Translation,Quisque auctor nisl ac libero tincidunt
Lost in Translation,Fusce nec justo nec libero efficitur ultricies.
Inception,Quisque auctor nisl ac libero tincidunt
Eternal Sunshine of the Spotless Mind,Suspendisse potenti. Nullam in justo sit amet urna ultrices.
The Matrix,Quisque auctor nisl ac libero tincidunt
Eternal Sunshine of the Spotless Mind,Maecenas nec sapien nec justo tincidunt lacinia.
Lost in Translation,consectetur adipiscing elit.
The Secret Garden,consectetur adipiscing elit.
The Matrix,Maecenas nec sapien nec justo tincidunt lacinia.
Lost in Translation,Maecenas nec sapien nec justo tincidunt lacinia.
Eternal Sunshine of the Spotless Mind,Lorem ipsum dolor sit amet
Eternal Sunshine of the Spotless Mind,Quisque auctor nisl ac libero tincidunt
The Lion King,Fusce nec justo nec libero efficitur ultricies.
Lost in Translation,Integer nec justo nec libero fermentum ultricies.
Lost in Translation,vel ultricies risus ultrices.
The Great Gatsby,Suspendisse potenti. Nullam in justo sit amet urna ultrices.
Lost in Translation,vel ultricies risus ultrices.
The Great Gatsby,Suspendisse potenti. Nullam in justo sit amet urna ultrices.
Pride and Prejudice,Suspendisse potenti. Nullam in justo sit amet urna ultrices.
Inception,Quisque auctor nisl ac libero tincidunt
The Lion King,Integer nec justo nec libero fermentum ultricies.
The Matrix,Suspendisse potenti. Nullam in justo sit amet urna ultrices.
The Lion King,Maecenas nec sapien nec justo tincidunt lacinia.
The Lion King,consectetur adipiscing elit.
The Shawshank Redemption,Maecenas nec sapien nec justo tincidunt lacinia.
Lost in Translation,Integer nec justo nec libero fermentum ultricies.
Inception,Pellentesque habitant morbi tristique senectus et netus et malesuada fames ac turpis egestas.
The Secret Garden,Donec ac justo nec velit tincidunt tincidunt.
Inception,Pellentesque habitant morbi tristique senectus et netus et malesuada fames ac turpis egestas.
The Shawshank Redemption,Vestibulum ante ipsum primis in faucibus orci luctus et ultrices posuere cubilia Curae;
The Midnight Sky,Maecenas nec sapien nec justo tincidunt lacinia.
Lost in Translation,vel ultricies risus ultrices.
Lost in Translation,Vivamus nec justo nec libero varius tincidunt.
The Lion King,Maecenas nec sapien nec justo tincidunt lacinia.
The Lion King,Integer nec justo nec libero fermentum ultricies.
The Great Gatsby,Suspendisse potenti. Nullam in justo sit amet urna ultrices.
The Shawshank Redemption,Donec ac justo nec velit tincidunt tincidunt.
Pride and Prejudice,Pellentesque habitant morbi tristique senectus et netus et malesuada fames ac turpis egestas.
The Midnight Sky,Vivamus nec justo nec libero varius tincidunt.
The Secret Garden,Lorem ipsum dolor sit amet
Eternal Sunshine of the Spotless Mind,Vestibulum ante ipsum primis in faucibus orci luctus et ultrices posuere cubilia Curae;
The Lion King,vel ultricies risus ultrices.
The Great Gatsby,Vivamus nec justo nec libero varius tincidunt.
The Secret Garden,Vestibulum ante ipsum primis in faucibus orci luctus et ultrices posuere cubilia Curae;
The Secret Garden,Vestibulum ante ipsum primis in faucibus orci luctus et ultrices posuere cubilia Curae;
Lost in Translation,Vivamus nec justo nec libero varius tincidunt.
Pride and Prejudice,Donec ac justo nec velit tincidunt tincidunt.
Eternal Sunshine of the Spotless Mind,Donec ac justo nec velit tincidunt tincidunt.
Lost in Translation,Lorem ipsum dolor sit amet
The Matrix,Vestibulum ante ipsum primis in faucibus orci luctus et ultrices posuere cubilia Curae;
Pride and Prejudice,Pellentesque habitant morbi tristique senectus et netus et malesuada fames ac turpis egestas.
Eternal Sunshine of the Spotless Mind,Fusce nec justo nec libero efficitur ultricies.
The Matrix,Suspendisse potenti. Nullam in justo sit amet urna ultrices.
The Lion King,Maecenas nec sapien nec justo tincidunt lacinia.
Pride and Prejudice,vel ultricies risus ultrices.
The Midnight Sky,vel ultricies risus ultrices.
The Midnight Sky,Integer nec justo nec libero fermentum ultricies.
The Midnight Sky,Maecenas nec sapien nec justo tincidunt lacinia.
The Matrix,Quisque auctor nisl ac libero tincidunt
Eternal Sunshine of the Spotless Mind,Quisque auctor nisl ac libero tincidunt
Eternal Sunshine of the Spotless Mind,Maecenas nec sapien nec justo tincidunt lacinia.
The Midnight Sky,Suspendisse potenti. Nullam in justo sit amet urna ultrices.
The Matrix,Vestibulum ante ipsum primis in faucibus orci luctus et ultrices posuere cubilia Curae;
The Shawshank Redemption,Maecenas nec sapien nec justo tincidunt lacinia.
The Shawshank Redemption,Lorem ipsum dolor sit amet
Inception,consectetur adipiscing elit.
Pride and Prejudice,consectetur adipiscing elit.
The Matrix,Lorem ipsum dolor sit amet
Lost in Translation,Lorem ipsum dolor sit amet
The Matrix,vel ultricies risus ultrices.
Pride and Prejudice,Integer nec justo nec libero fermentum ultricies.
The Secret Garden,Integer nec justo nec libero fermentum ultricies.
Eternal Sunshine of the Spotless Mind,Donec ac justo nec velit tincidunt tincidunt.
The Shawshank Redemption,Pellentesque habitant morbi tristique senectus et netus et malesuada fames ac turpis egestas.
Eternal Sunshine of the Spotless Mind,Maecenas nec sapien nec justo tincidunt lacinia.
The Secret Garden,Maecenas nec sapien nec justo tincidunt lacinia.
The Shawshank Redemption,Pellentesque habitant morbi tristique senectus et netus et malesuada fames ac turpis egestas.
The Midnight Sky,Donec ac justo nec velit tincidunt tincidunt.
The Shawshank Redemption,Vivamus nec justo nec libero varius tincidunt.
The Lion King,Quisque auctor nisl ac libero tincidunt
The Lion King,Quisque auctor nisl ac libero tincidunt
The Midnight Sky,Pellentesque habitant morbi tristique senectus et netus et malesuada fames ac turpis egestas.
The Shawshank Redemption,Maecenas nec sapien nec justo tincidunt lacinia.
Inception,Pellentesque habitant morbi tristique senectus et netus et malesuada fames ac turpis egestas.
The Secret Garden,Fusce nec justo nec libero efficitur ultricies.
The Matrix,consectetur adipiscing elit.
The Secret Garden,Integer nec justo nec libero fermentum ultricies.
The Great Gatsby,Donec ac justo nec velit tincidunt tincidunt.
Pride and Prejudice,Suspendisse potenti. Nullam in justo sit amet urna ultrices.
The Great Gatsby,consectetur adipiscing elit.
Inception,Maecenas nec sapien nec justo tincidunt lacinia.
The Great Gatsby,Donec ac justo nec velit tincidunt tincidunt.
Eternal Sunshine of the Spotless Mind,Integer nec justo nec libero fermentum ultricies.
Pride and Prejudice,Donec ac justo nec velit tincidunt tincidunt.
The Midnight Sky,Quisque auctor nisl ac libero tincidunt
The Lion King,Vestibulum ante ipsum primis in faucibus orci luctus et ultrices posuere cubilia Curae;
The Matrix,Pellentesque habitant morbi tristique senectus et netus et malesuada fames ac turpis egestas.
Inception,Fusce nec justo nec libero efficitur ultricies.
The Shawshank Redemption,Lorem ipsum dolor sit amet
The Great Gatsby,consectetur adipiscing elit.
The Midnight Sky,Quisque auctor nisl ac libero tincidunt
The Shawshank Redemption,Vivamus nec justo nec libero varius tincidunt.
The Secret Garden,Donec ac justo nec velit tincidunt tincidunt.
The Lion King,consectetur adipiscing elit.
The Great Gatsby,Vivamus nec justo nec libero varius tincidunt.
Pride and Prejudice,consectetur adipiscing elit.
Pride and Prejudice,Vestibulum ante ipsum primis in faucibus orci luctus et ultrices posuere cubilia Curae;
The Midnight Sky,Donec ac justo nec velit tincidunt tincidunt.
The Secret Garden,Maecenas nec sapien nec justo tincidunt lacinia.
Pride and Prejudice,Suspendisse potenti. Nullam in justo sit amet urna ultrices.
The Midnight Sky,Pellentesque habitant morbi tristique senectus et netus et malesuada fames ac turpis egestas.
Inception,Suspendisse potenti. Nullam in justo sit amet urna ultrices.
The Matrix,Vestibulum ante ipsum primis in faucibus orci luctus et ultrices posuere cubilia Curae;
Lost in Translation,Vestibulum ante ipsum primis in faucibus orci luctus et ultrices posuere cubilia Curae;
The Matrix,Suspendisse potenti. Nullam in justo sit amet urna ultrices.
The Lion King,Fusce nec justo nec libero efficitur ultricies.
The Midnight Sky,Maecenas nec sapien nec justo tincidunt lacinia.
The Great Gatsby,Integer nec justo nec libero fermentum ultricies.
Lost in Translation,Donec ac justo nec velit tincidunt tincidunt.
The Secret Garden,Maecenas nec sapien nec justo tincidunt lacinia.
The Secret Garden,Donec ac justo nec velit tincidunt tincidunt.
Inception,Vivamus nec justo nec libero varius tincidunt.
Lost in Translation,Pellentesque habitant morbi tristique senectus et netus et malesuada fames ac turpis egestas.
The Shawshank Redemption,Vestibulum ante ipsum primis in faucibus orci luctus et ultrices posuere cubilia Curae;
Lost in Translation,Integer nec justo nec libero fermentum ultricies.
The Matrix,Suspendisse potenti. Nullam in justo sit amet urna ultrices.
Pride and Prejudice,Pellentesque habitant morbi tristique senectus et netus et malesuada fames ac turpis egestas.
The Midnight Sky,Suspendisse potenti. Nullam in justo sit amet urna ultrices.
The Matrix,vel ultricies risus ultrices.
Inception,Maecenas nec sapien nec justo tincidunt lacinia.
Inception,Maecenas nec sapien nec justo tincidunt lacinia.
The Shawshank Redemption,Suspendisse potenti. Nullam in justo sit amet urna ultrices.
The Matrix,Donec ac justo nec velit tincidunt tincidunt.
The Matrix,Lorem ipsum dolor sit amet
The Lion King,Maecenas nec sapien nec justo tincidunt lacinia.
Eternal Sunshine of the Spotless Mind,vel ultricies risus ultrices.
The Midnight Sky,Vivamus nec justo nec libero varius tincidunt.
The Shawshank Redemption,Pellentesque habitant morbi tristique senectus et netus et malesuada fames ac turpis egestas.
The Secret Garden,Vivamus nec justo nec libero varius tincidunt.
The Matrix,Vivamus nec justo nec libero varius tincidunt.
Inception,Maecenas nec sapien nec justo tincidunt lacinia.
The Midnight Sky,Lorem ipsum dolor sit amet
Eternal Sunshine of the Spotless Mind,Lorem ipsum dolor sit amet
The Lion King,Maecenas nec sapien nec justo tincidunt lacinia.
Eternal Sunshine of the Spotless Mind,Donec ac justo nec velit tincidunt tincidunt.
Eternal Sunshine of the Spotless Mind,Integer nec justo nec libero fermentum ultricies.
The Great Gatsby,Suspendisse potenti. Nullam in justo sit amet urna ultrices.
Eternal Sunshine of the Spotless Mind,consectetur adipiscing elit.
The Shawshank Redemption,Pellentesque habitant morbi tristique senectus et netus et malesuada fames ac turpis egestas.
The Shawshank Redemption,vel ultricies risus ultrices.
Eternal Sunshine of the Spotless Mind,Suspendisse potenti. Nullam in justo sit amet urna ultrices.
The Shawshank Redemption,Vestibulum ante ipsum primis in faucibus orci luctus et ultrices posuere cubilia Curae;
The Midnight Sky,Pellentesque habitant morbi tristique senectus et netus et malesuada fames ac turpis egestas.
The Midnight Sky,vel ultricies risus ultrices.
Eternal Sunshine of the Spotless Mind,Suspendisse potenti. Nullam in justo sit amet urna ultrices.
The Secret Garden,vel ultricies risus ultrices.
Lost in Translation,Lorem ipsum dolor sit amet
Inception,vel ultricies risus ultrices.
The Matrix,Pellentesque habitant morbi tristique senectus et netus et malesuada fames ac turpis egestas.
Eternal Sunshine of the Spotless Mind,Donec ac justo nec velit tincidunt tincidunt.
Inception,Vestibulum ante ipsum primis in faucibus orci luctus et ultrices posuere cubilia Curae;
Pride and Prejudice,Donec ac justo nec velit tincidunt tincidunt.
Lost in Translation,Suspendisse potenti. Nullam in justo sit amet urna ultrices.
The Secret Garden,Lorem ipsum dolor sit amet
The Great Gatsby,Vivamus nec justo nec libero varius tincidunt.
Eternal Sunshine of the Spotless Mind,Vivamus nec justo nec libero varius tincidunt.
The Great Gatsby,consectetur adipiscing elit.
The Matrix,Integer nec justo nec libero fermentum ultricies.
The Matrix,Suspendisse potenti. Nullam in justo sit amet urna ultrices.
The Midnight Sky,Vestibulum ante ipsum primis in faucibus orci luctus et ultrices posuere cubilia Curae;
Inception,Suspendisse potenti. Nullam in justo sit amet urna ultrices.
The Midnight Sky,Vestibulum ante ipsum primis in faucibus orci luctus et ultrices posuere cubilia Curae;
Lost in Translation,Fusce nec justo nec libero efficitur ultricies.
The Shawshank Redemption,Fusce nec justo nec libero efficitur ultricies.
The Shawshank Redemption,Suspendisse potenti. Nullam in justo sit amet urna ultrices.
The Matrix,Vestibulum ante ipsum primis in faucibus orci luctus et ultrices posuere cubilia Curae;
The Midnight Sky,Integer nec justo nec libero fermentum ultricies.
The Shawshank Redemption,Fusce nec justo nec libero efficitur ultricies.
Eternal Sunshine of the Spotless Mind,consectetur adipiscing elit.
The Secret Garden,Quisque auctor nisl ac libero tincidunt
The Great Gatsby,Vestibulum ante ipsum primis in faucibus orci luctus et ultrices posuere cubilia Curae;
The Midnight Sky,vel ultricies risus ultrices.
Pride and Prejudice,vel ultricies risus ultrices.
The Great Gatsby,Integer nec justo nec libero fermentum ultricies.
The Shawshank Redemption,consectetur adipiscing elit.
Inception,Vivamus nec justo nec libero varius tincidunt.
The Midnight Sky,Quisque auctor nisl ac libero tincidunt
Pride and Prejudice,Suspendisse potenti. Nullam in justo sit amet urna ultrices.
The Lion King,Maecenas nec sapien nec justo tincidunt lacinia.
The Midnight Sky,Pellentesque habitant morbi tristique senectus et netus et malesuada fames ac turpis egestas.
The Shawshank Redemption,Donec ac justo nec velit tincidunt tincidunt.
Pride and Prejudice,Fusce nec justo nec libero efficitur ultricies.
Eternal Sunshine of the Spotless Mind,vel ultricies risus ultrices.
The Matrix,Maecenas nec sapien nec justo tincidunt lacinia.
Lost in Translation,Vivamus nec justo nec libero varius tincidunt.
Inception,Quisque auctor nisl ac libero tincidunt
The Matrix,Donec ac justo nec velit tincidunt tincidunt.
The Midnight Sky,Lorem ipsum dolor sit amet
The Great Gatsby,Vivamus nec justo nec libero varius tincidunt.
The Midnight Sky,Vestibulum ante ipsum primis in faucibus orci luctus et ultrices posuere cubilia Curae;
The Secret Garden,Integer nec justo nec libero fermentum ultricies.
The Midnight Sky,Vivamus nec justo nec libero varius tincidunt.
Eternal Sunshine of the Spotless Mind,Vivamus nec justo nec libero varius tincidunt.
The Great Gatsby,consectetur adipiscing elit.
The Matrix,Donec ac justo nec velit tincidunt tincidunt.
The Shawshank Redemption,consectetur adipiscing elit.
Inception,Vestibulum ante ipsum primis in faucibus orci luctus et ultrices posuere cubilia Curae;
The Midnight Sky,consectetur adipiscing elit.
The Lion King,Lorem ipsum dolor sit amet
The Midnight Sky,Vestibulum ante ipsum primis in faucibus orci luctus et ultrices posuere cubilia Curae;
The Secret Garden,Suspendisse potenti. Nullam in justo sit amet urna ultrices.
Lost in Translation,Suspendisse potenti. Nullam in justo sit amet urna ultrices.
Inception,Suspendisse potenti. Nullam in justo sit amet urna ultrices.
The Great Gatsby,consectetur adipiscing elit.
The Secret Garden,Vivamus nec justo nec libero varius tincidunt.
The Secret Garden,Vivamus nec justo nec libero varius tincidunt.
The Shawshank Redemption,Lorem ipsum dolor sit amet
The Secret Garden,Maecenas nec sapien nec justo tincidunt lacinia.
The Midnight Sky,Pellentesque habitant morbi tristique senectus et netus et malesuada fames ac turpis egestas.
Eternal Sunshine of the Spotless Mind,Integer nec justo nec libero fermentum ultricies.
Eternal Sunshine of the Spotless Mind,Donec ac justo nec velit tincidunt tincidunt.
Pride and Prejudice,Donec ac justo nec velit tincidunt tincidunt.
The Secret Garden,Suspendisse potenti. Nullam in justo sit amet urna ultrices.
The Lion King,Pellentesque habitant morbi tristique senectus et netus et malesuada fames ac turpis egestas.
The Midnight Sky,Fusce nec justo nec libero efficitur ultricies.
Pride and Prejudice,vel ultricies risus ultrices.
Eternal Sunshine of the Spotless Mind,Donec ac justo nec velit tincidunt tincidunt.
The Midnight Sky,consectetur adipiscing elit.
The Shawshank Redemption,consectetur adipiscing elit.
The Midnight Sky,Integer nec justo nec libero fermentum ultricies.
Lost in Translation,Vivamus nec justo nec libero varius tincidunt.
Pride and Prejudice,Vivamus nec justo nec libero varius tincidunt.
The Matrix,Lorem ipsum dolor sit amet
The Shawshank Redemption,Suspendisse potenti. Nullam in justo sit amet urna ultrices.
Eternal Sunshine of the Spotless Mind,Pellentesque habitant morbi tristique senectus et netus et malesuada fames ac turpis egestas.
The Lion King,Fusce nec justo nec libero efficitur ultricies.
Pride and Prejudice,Fusce nec justo nec libero efficitur ultricies.
The Lion King,Lorem ipsum dolor sit amet
Inception,Lorem ipsum dolor sit amet
The Lion King,Fusce nec justo nec libero efficitur ultricies.
Pride and Prejudice,consectetur adipiscing elit.
The Shawshank Redemption,Quisque auctor nisl ac libero tincidunt
Lost in Translation,Maecenas nec sapien nec justo tincidunt lacinia.
Inception,Quisque auctor nisl ac libero tincidunt
Inception,consectetur adipiscing elit.
The Shawshank Redemption,Fusce nec justo nec libero efficitur ultricies.
The Great Gatsby,Vestibulum ante ipsum primis in faucibus orci luctus et ultrices posuere cubilia Curae;
Lost in Translation,consectetur adipiscing elit.
Eternal Sunshine of the Spotless Mind,Maecenas nec sapien nec justo tincidunt lacinia.
Inception,Pellentesque habitant morbi tristique senectus et netus et malesuada fames ac turpis egestas.
The Secret Garden,Lorem ipsum dolor sit amet
Eternal Sunshine of the Spotless Mind,Lorem ipsum dolor sit amet
Lost in Translation,Suspendisse potenti. Nullam in justo sit amet urna ultrices.
Lost in Translation,Pellentesque habitant morbi tristique senectus et netus et malesuada fames ac turpis egestas.
Inception,Fusce nec justo nec libero efficitur ultricies.
The Shawshank Redemption,Vivamus nec justo nec libero varius tincidunt.
Inception,consectetur adipiscing elit.
The Secret Garden,Pellentesque habitant morbi tristique senectus et netus et malesuada fames ac turpis egestas.
The Lion King,Suspendisse potenti. Nullam in justo sit amet urna ultrices.
Pride and Prejudice,Pellentesque habitant morbi tristique senectus et netus et malesuada fames ac turpis egestas.
Pride and Prejudice,Donec ac justo nec velit tincidunt tincidunt.
Eternal Sunshine of the Spotless Mind,vel ultricies risus ultrices.
The Secret Garden,Pellentesque habitant morbi tristique senectus et netus et malesuada fames ac turpis egestas.
Pride and Prejudice,consectetur adipiscing elit.
Inception,Donec ac justo nec velit tincidunt tincidunt.
Inception,consectetur adipiscing elit.
